allelectrons_Total,density_Total,allelectrons_Average,val_e_Average,atomicweight_Average,ionenergy_Average,el_neg_chi_Average,R_vdw_element_Average,R_cov_element_Average,zaratio_Average,density_Average,Hardness
100.0,0.8416109999999999,10.0,4.8,20.6125257,11.0881,2.766,1.732,0.86,0.4960699999999999,0.91457,6.0
100.0,7.558488,10.0,4.8,20.2988926326,12.04083,2.755,1.6309999999999998,0.91,0.492719,0.7176,6.5
76.0,8.885992,15.6,5.6,33.739258,12.0863,2.8280000000000003,1.7880000000000005,0.8640000000000001,0.481478,1.50633,2.5
100.0,8.795296,10.0,4.8,20.213348778,10.9485,2.648,1.626,0.936,0.489272,0.78937,6.0
116.0,9.577996,11.6,4.8,24.988133138,11.82448,2.766,1.682,0.8959999999999999,0.4927359999999999,1.86481,6.0
